ID,"Name","Department","Department2","Rank","Contract","Sex","Normal Retirement Date","Full Time Start Date"
20011748,"Adamus,Janusz A","Mathematics",NULL,"Associate Professor","Tenured","Male","2038-07-01","2007-07-01"
10356343,"Andrews,James H","Computer Science",NULL,"Associate Professor","Tenured","Male","2027-07-01","1997-07-01"
20036616,"Atkinson,Gail Marie","Earth Sciences",NULL,"Professor","Tenured","Female","2022-07-01","2007-09-01"
10013100,"Baines,Kim M","Chemistry",NULL,"Professor","Tenured","Female","2026-07-01","1988-07-01"
20055791,"Banerjee,Neil R","Earth Sciences",NULL,"Associate Professor","Tenured","Male","2037-07-01","2005-07-01"
20025598,"Barmby,Pauline M","Physics and Astronomy",NULL,"Associate Professor","Tenured","Female","2038-07-01","2007-07-01"
10097418,"Barron,John","Computer Science",NULL,"Professor","Tenured","Male","2020-07-01","1989-04-01"
20018959,"Barron,Tatyana","Mathematics",NULL,"Associate Professor","Tenured","Female","2037-07-01","2004-07-01"
20042822,"Basu,Shantanu","Physics and Astronomy",NULL,"Professor","Tenured","Male","2030-07-01","1999-07-01"
10118685,"Bauer,Michael A.","Computer Science",NULL,"Professor","Tenured","Male","2013-07-01","1975-07-01"
20013014,"Beauchemin,Steven","Computer Science",NULL,"Associate Professor","Tenured","Male","2031-07-01","2000-08-01"
10121481,"Bellhouse,David Richard","Statistics & Actuarial Science",NULL,"Professor","Tenured","Male","2014-07-01","1977-07-01"
20003355,"Bernards,Mark A","Biology",NULL,"Professor","Tenured","Male","2027-07-01","1998-09-01"
20030012,"Boivin,Andre","Mathematics",NULL,"Professor","Tenured","Male","2021-07-01","1986-07-01"
20023401,"Bouvier, Audrey","Earth Sciences",NULL,"Assistant Professor","Probationary","Female","0000-00-00","2013-07-01"
20027815,"Boykov,Yuri","Computer Science",NULL,"Associate Professor","Tenured","Male","2035-07-01","2003-12-01"
20059790,"Branfireun,Brian Andrew","Biology",NULL,"Associate Professor","Tenured","Male","2035-07-01","2010-07-01"
10060424,"Braun,John","Statistics & Actuarial Science",NULL,"Professor","Tenured","Male","2029-07-01","2000-07-01"
20003993,"Brown,Peter G","Physics and Astronomy",NULL,"Professor","Tenured","Male","2036-07-01","2000-07-01"
20025598,"Buchel,Alex S","Applied Mathematics","Physics and Astronomy","Professor","Tenured","Male","2036-07-01","2003-08-01"
10127827,"Calvin,Katharine A","Chemistry",NULL,"Lecturer","Limited Term","Female","2018-07-01","2007-10-01"
10102770,"Cami,Jan","Physics and Astronomy",NULL,"Associate Professor","Tenured","Male","2038-07-01","2006-12-01"
20031692,"Campbell-Brown,Margaret Diane","Physics and Astronomy",NULL,"Associate Professor","Tenured","Female","2041-07-01","2005-07-01"
20040047,"Cao,Jiguo","Statistics & Actuarial Science",NULL,"Associate Professor","Probationary","Male","0000-00-00","2012-09-01"
10039956,"Cheadle,Burns Alexander","Earth Sciences",NULL,"Associate Professor","Probationary","Male","2024-07-01","2009-09-01"
20030438,"Choy,Wing-Yiu","Chemistry",NULL,"Associate Professor","Tenured","Male","2035-01-07","2005-01-01"
20049472,"Christensen,J.Daniel","Mathematics",NULL,"Professor","Tenured","Male","2034-07-01","2000-07-01"
20055666,"Chronik,Blaine Alexander","Physics and Astronomy",NULL,"Associate Professor","Tenured","Male","2038-07-01","2003-06-01"
20008030,"Constas,Styliani","Chemistry",NULL,"Associate Professor","Tenured","Female","2032-07-01","1999-07-01"
20012480,"Corcoran,Patricia","Earth Sciences",NULL,"Associate Professor","Tenured","Female","2036-07-01","2003-01-01"
10118263,"Corless,Robert M","Applied Mathematics",NULL,"Professor","Tenured","Male","2024-07-01","1987-07-01"
10355121,"Corrigan,John F","Chemistry",NULL,"Professor","Tenured","Male","2032-07-01","1997-07-01"
20045097,"Cottam,Michael G","Physics and Astronomy",NULL,"Professor","Tenured","Male","2010-07-01","1987-07-01"
20002588,"Creed,Irena F.","Biology",NULL,"Professor","Tenured","Female","2027-07-01","1998-07-01"
20045357,"Cumming,Robert","Biology",NULL,"Associate Professor","Tenured","Male","2034-07-01","2007-07-01"
20004269,"Daley,Mark J","Computer Science",NULL,"Associate Professor","Tenured","Male","2040-07-01","2004-07-01"
20013686,"Damjanovski,Sashko","Biology",NULL,"Associate Professor","Tenured","Male","2029-07-01","2000-09-01"
20008166,"Davison,Matt","Applied Mathematics",NULL,"Professor","Tenured","Male","2034-07-01","1999-07-01"
20028456,"de Bruyn,John R","Physics and Astronomy",NULL,"Professor","Tenured","Male","2023-07-01","2005-03-01"
20030245,"Dean,Charmaine","Science - Office of the Dean",NULL,"Professor","Tenured","Female","2023-07-01","2011-08-01"
10111524,"Dean,Robert L.","Biology",NULL,"Assistant Professor","Limited Term","Male","2015-07-01","1985-07-01"
10002863,"Denham,Graham","Mathematics",NULL,"Associate Professor","Tenured","Male","2036-07-01","2002-01-01"
20025549,"Denniston,Colin D","Applied Mathematics",NULL,"Associate Professor","Tenured","Male","2034-07-01","2003-08-01"
10279388,"Dhillon,Ajneet S","Mathematics",NULL,"Associate Professor","Tenured","Male","2038-07-01","2005-07-01"
20019513,"Ding,Zhifeng","Chemistry",NULL,"Associate Professor","Tenured","Male","2028-07-01","2002-07-01"
10017192,"Duke,Norman A","Earth Sciences",NULL,"Associate Professor","Tenured","Male","2014-07-01","1984-07-01"
20008033,"El-Sakka,Mahmoud","Computer Science",NULL,"Associate Professor","Tenured","Male","2028-07-01","1999-07-01"
10044063,"Essex,Chris","Applied Mathematics",NULL,"Professor","Tenured","Male","2020-07-01","1984-07-01"
10097236,"Fanchini,Giovanni","Physics and Astronomy",NULL,"Assistant Professor","Probationary","Male","2036-07-01","2009-09-01"
20032336,"Flemming,Roberta","Earth Sciences",NULL,"Associate Professor","Tenured","Female","2027-07-01","2000-07-01"
20016693,"Franz,Matthias","Mathematics",NULL,"Assistant Professor","Probationary","Male","2036-07-01","2008-07-01"
10134609,"Gallagher,Sarah","Physics and Astronomy",NULL,"Assistant Professor","Probationary","Female","2039-07-01","2008-07-01"
20008013,"Gardiner,Richard Buchanan","Biology",NULL,"Assistant Professor","Limited Term","Male","2019-07-01","2003-07-01"
20038454,"Gillies,Elizabeth R","Chemistry",NULL,"Associate Professor","Tenured","Female","2042-07-01","2006-07-01"
20066122,"Gilroy,Joseph B","Chemistry",NULL,"Assistant Professor","Probationary","Male","2047-07-01","2012-07-01"
20030246,"Goncharova,Lyudmila","Physics and Astronomy",NULL,"Assistant Professor","Probationary","Female","2040-07-01","2007-07-01"
20009344,"Gray,Patricia Marlene","Biology",NULL,"Lecturer","Limited Term","Female","2026-07-01","2008-01-01"
10356277,"Grbic,Miodrag","Biology",NULL,"Associate Professor","Tenured","Male","2024-07-01","1997-07-01"
10317790,"Grbic,Vojislava","Biology",NULL,"Associate Professor","Tenured","Female","2029-07-01","1996-07-01"
10032043,"Griffiths,Keith","Chemistry",NULL,"Assistant Professor","Limited Term","Male","2021-07-01","1986-09-10"
20032337,"Guglielmo,Christopher G.","Biology",NULL,"Associate Professor","Tenured","Male","2031-07-01","2005-01-01"
10018133,"Haffie,Tom","Biology",NULL,"Lecturer","Permanent","Male","2024-07-01","1985-07-01"
20039949,"He,Wenqing","Statistics & Actuarial Science",NULL,"Associate Professor","Tenured","Male","2032-07-01","2004-07-01"
20032006,"Henry,Hugh A.L.","Biology",NULL,"Associate Professor","Tenured","Male","2039-07-01","2004-12-01"
20002450,"Hicock,Stephen R","Earth Sciences",NULL,"Professor","Tenured","Male","2017-07-01","1982-07-01"
20025564,"Hill,Kathleen A.","Biology",NULL,"Associate Professor","Tenured","Female","2030-07-01","2003-08-01"
20008253,"Hocking,Wayne K","Physics and Astronomy",NULL,"Professor","Tenured","Male","2021-07-01","1991-12-01"
10276210,"Holt,Richard A","Physics and Astronomy",NULL,"Professor","Tenured","Male","2008-07-01","1974-08-26"
10207215,"Houde,Martin","Physics and Astronomy",NULL,"Associate Professor","Tenured","Male","2029-07-01","2004-07-01"
10351914,"Huang,Yining","Chemistry",NULL,"Professor","Tenured","Male","2025-07-01","1997-07-01"
10355105,"Hudson,Robert","Chemistry",NULL,"Professor","Tenured","Male","2031-07-01","1997-07-01"
10132868,"Huner,Norman P A","Biology",NULL,"Professor","Tenured","Male","2013-07-01","1980-07-01"
20043119,"Hutter,Jeffrey L","Physics and Astronomy",NULL,"Associate Professor","Tenured","Male","2030-07-01","1999-08-01"
20013603,"Ilie,Lucian","Computer Science",NULL,"Professor","Tenured","Male","2036-07-01","2000-09-18"
10066801,"Jardine,John F","Mathematics",NULL,"Professor","Tenured","Male","2017-07-01","1984-10-01"
10035558,"Jeffrey,David","Applied Mathematics",NULL,"Professor","Tenured","Male","2013-07-01","1986-08-01"
20058559,"Jiang,Dazhi","Earth Sciences",NULL,"Associate Professor","Tenured","Male","2028-07-01","2005-01-01"
10030104,"Jin,Jisuo","Earth Sciences",NULL,"Professor","Tenured","Male","2023-07-01","1998-07-01"
10089597,"Jones,Bruce Leonard","Statistics & Actuarial Science",NULL,"Professor","Tenured","Male","2026-07-01","1997-07-01"
20008305,"Jones,Carol E.","Physics and Astronomy",NULL,"Associate Professor","Tenured","Female","2023-07-01","2005-09-01"
20025975,"Kaluarachchi,Kanthi","Physics and Astronomy",NULL,"Assistant Professor","Limited Term","Female","2017-07-01","1997-08-01"
20042474,"Karagiannis,Jim","Biology",NULL,"Assistant Professor","Probationary","Male","2038-07-01","2007-01-01"
10223824,"Kari,Lila","Computer Science",NULL,"Professor","Tenured","Female","2030-07-01","1996-07-01"
10202117,"Katchabaw,Mike","Computer Science",NULL,"Associate Professor","Tenured","Male","2038-07-01","2002-07-01"
10272706,"Kelly,Gregory M","Biology",NULL,"Professor","Tenured","Male","2027-07-01","1995-07-01"
20008047,"Kerr,Michael A.","Chemistry",NULL,"Professor","Tenured","Male","2027-07-01","1999-07-01"
20038456,"Keyghobadi,Nusha","Biology",NULL,"Associate Professor","Tenured","Female","2037-07-01","2006-07-01"
10253649,"Khalkhali,Masoud","Mathematics",NULL,"Professor","Tenured","Male","2021-07-01","1995-07-01"
10317113,"Kohalmi,Susanne E.","Biology",NULL,"Associate Professor","Tenured","Female","2026-07-01","1996-07-01"
20001009,"Konermann,Lars","Chemistry",NULL,"Professor","Tenured","Male","2032-07-01","1998-07-01"
20000191,"Kopp,Steven James","Statistics & Actuarial Science",NULL,"Lecturer","Limited Term","Male","2024-07-01","1995-07-01"
10058469,"Krajnyk,Irene Sandy","Biology",NULL,"Lecturer","Limited Term","Female","2018-07-01","1979-01-01"
10166395,"Krishna,Priti","Biology",NULL,"Professor","Tenured","Female","2025-07-01","1992-07-01"
20001399,"Kulperger,Reginald J","Statistics & Actuarial Science",NULL,"Professor","Tenured","Male","2016-07-01","1982-07-01"
10041150,"Lachance,Marc-Andre","Biology",NULL,"Professor","Tenured","Male","2015-07-01","1979-01-01"
20043119,"Lagugne-Labarthet,Francois","Chemistry","Physics and Astronomy","Associate Professor","Tenured","Male","2035-07-01","2007-01-01"
20031209,"Lee,Felix S.","Chemistry",NULL,"Assistant Professor","Limited Term","Male","2042-07-01","2006-07-01"
20049830,"Lemire,Nicole","Mathematics",NULL,"Associate Professor","Tenured","Female","2034-07-01","2001-07-01"
20063841,"Lindo,Zoe","Biology",NULL,"Assistant Professor","Probationary","Female","2037-07-01","2011-09-01"
10055994,"Ling,Charles X","Computer Science",NULL,"Professor","Tenured","Male","2028-07-01","1989-09-01"
20034875,"Linnen,Robert","Earth Sciences",NULL,"Associate Professor","Tenured","Male","2022-07-01","2010-07-01"
10018620,"Liu,Xiaoming","Statistics & Actuarial Science",NULL,"Associate Professor","Tenured","Female","2033-07-01","2006-07-01"
20047035,"Longstaffe,Fred J","Earth Sciences",NULL,"Professor","Tenured","Male","2016-07-01","1987-07-01"
10168888,"Lutfiyya,Hanan","Computer Science",NULL,"Professor","Tenured","Female","2031-07-01","1992-07-01"
20021901,"MacDougall Shackleton,Elizabeth","Biology",NULL,"Associate Professor","Tenured","Female","2034-07-01","2004-07-01"
10314615,"Macfie,Sheila M.","Biology",NULL,"Associate Professor","Tenured","Female","2025-07-01","1997-07-01"
20000205,"Macisaac,Allan","Applied Mathematics",NULL,"Assistant Professor","Limited Term","Male","2033-07-01","1999-07-01"
20021341,"Madhavji,Nazim H.","Computer Science",NULL,"Professor","Tenured","Male","2019-07-01","2002-09-01"
20025487,"Mamon,Rogemar S","Statistics & Actuarial Science",NULL,"Associate Professor","Tenured","Male","2038-07-01","2006-07-01"
20025622,"Maxwell,Denis P","Biology",NULL,"Associate Professor","Tenured","Male","2030-07-01","2003-08-15"
20044507,"McLeod,A Ian","Statistics & Actuarial Science",NULL,"Professor","Tenured","Male","2014-07-01","1978-07-01"
20027522,"McNeil,Jeremy","Biology",NULL,"Professor","Visiting","Male","2010-07-01","2004-08-01"
10000842,"Mercer,Robert E","Computer Science",NULL,"Professor","Tenured","Male","2017-07-01","1985-01-01"
20033480,"Metchev, Stanmir","Physics and Astronomy",NULL,"Assistant Professor","Probationary","Male","0000-00-00","2013-07-01"
20051340,"Metzler,Adam","Applied Mathematics",NULL,"Assistant Professor","Probationary","Male","2043-07-01","2008-08-01"
10091304,"Millar,John S","Biology",NULL,"Professor","Tenured","Male","2008-07-01","1971-07-01"
20032346,"Millard,Mary","Statistics & Actuarial Science",NULL,"Lecturer","Limited Term","Female","2023-07-01","2004-09-01"
10309433,"Milligan,Louise","Science - Office of the Dean",NULL,"Associate Professor","Tenured","Female","2024-07-01","1988-07-01"
10051563,"Minac,Jan","Mathematics","Computer Science","Professor","Tenured","Male","2018-07-01","1989-01-01"
20008305,"Miranskyy,Volodymyr","Applied Mathematics","Physics and Astronomy","Professor","Tenured","Male","2009-07-01","2001-01-27"
10347094,"Mittler,Silvia","Physics and Astronomy",NULL,"Professor","Tenured","Female","2026-07-01","2003-09-01"
20049471,"Moehring,Amanda Jean","Biology",NULL,"Assistant Professor","Probationary","Female","2041-07-01","2008-07-01"
20033053,"Morbey,Yolanda","Biology",NULL,"Associate Professor","Tenured","Female","2036-07-01","2007-09-01"
20021214,"Moreno Maza,Marc","Computer Science",NULL,"Associate Professor","Tenured","Male","2028-07-01","2002-08-01"
10061067,"Moser,Desmond","Earth Sciences",NULL,"Associate Professor","Tenured","Male","2029-07-01","2005-07-01"
10112738,"Murdoch,Duncan J","Statistics & Actuarial Science",NULL,"Professor","Tenured","Male","2025-07-01","1998-07-01"
20001566,"Murphy,Brenda Carol","Biology",NULL,"Assistant Professor","Limited Term","Female","2027-07-01","2009-07-01"
10097657,"Nait-Abdallah,Areski","Computer Science",NULL,"Associate Professor","Tenured","Male","2015-07-01","1985-07-01"
20016826,"Neff,Bryan David Tyson","Biology",NULL,"Professor","Tenured","Male","2038-07-01","2001-09-01"
20045421,"Odegaard,Fredrik","Applied Mathematics",NULL,"Assistant Professor","Probationary","Male","2037-07-01","2007-07-01"
10023976,"Olds,Vicki","Mathematics",NULL,"Assistant Professor","Limited Term","Female","2023-07-01","2004-05-01"
10118792,"Osborn,Sylvia L","Computer Science",NULL,"Associate Professor","Tenured","Female","2014-07-01","1977-09-01"
20050059,"Osinski,Gordon R","Earth Sciences",NULL,"Associate Professor","Tenured","Male","2041-07-01","2007-09-01"
20034962,"Pagenkopf,Brian L","Chemistry",NULL,"Professor","Tenured","Male","2033-07-01","2005-07-01"
10088276,"Peeters,Els","Physics and Astronomy",NULL,"Associate Professor","Tenured","Female","2038-07-01","2006-12-01"
10053585,"Percival-Smith,Anthony","Biology",NULL,"Associate Professor","Tenured","Male","2024-07-01","1991-07-01"
20007116,"Pinsonnault,Martin","Mathematics",NULL,"Assistant Professor","Probationary","Male","2036-07-01","2008-07-01"
10193886,"Plint,A Guy","Earth Sciences",NULL,"Professor","Tenured","Male","2021-07-01","1986-07-01"
10030260,"Podesta,Ronald B","Biology",NULL,"Professor","Tenured","Male","2008-07-01","1978-07-01"
20026586,"Poepping,Tamie Lynn","Physics and Astronomy",NULL,"Associate Professor","Tenured","Female","2036-07-01","2005-07-01"
10102614,"Pratt,Gerhard","Earth Sciences",NULL,"Professor","Tenured","Male","2022-07-01","2008-09-01"
20066634,"Provost,Serge","Statistics & Actuarial Science",NULL,"Professor","Tenured","Male","2021-07-01","1984-07-01"
10125011,"Puddephatt,Richard J","Chemistry",NULL,"Professor","Tenured","Male","2009-07-01","1978-07-01"
20033265,"Ragogna,Paul J.","Chemistry",NULL,"Associate Professor","Tenured","Male","2040-07-01","2005-07-01"
20030264,"Rankin,Stuart A","Mathematics",NULL,"Associate Professor","Tenured","Male","2010-07-01","1971-07-01"
20020387,"Reesor,R. Mark","Applied Mathematics",NULL,"Associate Professor","Tenured","Male","2037-07-01","2002-06-01"
20008039,"Reid,Gregory J.","Applied Mathematics",NULL,"Professor","Tenured","Male","2022-07-01","1999-07-01"
10254605,"Reid,Laura K","Computer Science",NULL,"Lecturer","Limited Term","Female","2029-07-01","1998-07-01"
20045966,"Ren,Jiandong","Statistics & Actuarial Science",NULL,"Associate Professor","Tenured","Male","2033-07-01","2003-07-01"
10097327,"Renner,Lex","Mathematics",NULL,"Professor","Tenured","Male","2017-07-01","1985-07-01"
20044870,"Riley,David Michael","Mathematics",NULL,"Professor","Tenured","Male","2028-07-01","2000-07-01"
20040137,"Rubin,Benjamin","Biology",NULL,"Assistant Professor","Limited Term","Male","2036-07-01","2006-07-01"
20046577,"Schincariol,Robert A","Earth Sciences",NULL,"Associate Professor","Tenured","Male","2028-07-01","1993-07-01"
20040312,"Schost,Eric","Computer Science",NULL,"Associate Professor","Tenured","Male","2039-07-01","2006-07-01"
20035196,"Secco,Richard A","Earth Sciences",NULL,"Professor","Tenured","Male","2026-07-01","1990-07-01"
20008259,"Sedig,Kamran","Computer Science",NULL,"Associate Professor","Tenured","Male","2025-07-01","1999-07-01"
20021135,"Semenikhin,Oleg A","Chemistry",NULL,"Associate Professor","Tenured","Male","2031-07-01","2002-08-15"
10239309,"Sendov,Hristo S","Statistics & Actuarial Science",NULL,"Associate Professor","Tenured","Male","2036-07-01","2007-05-01"
20016582,"Sendova,Kristina Paskova","Statistics & Actuarial Science",NULL,"Associate Professor","Tenured","Female","2042-07-01","2005-07-01"
20008026,"Shafikov,Rasul","Mathematics",NULL,"Associate Professor","Tenured","Male","2034-07-01","2004-07-01"
10002590,"Sham,Tsun-Kong","Chemistry",NULL,"Professor","Tenured","Male","2013-07-01","1988-07-01"
20016803,"Shcherbakov,Robert","Earth Sciences",NULL,"Assistant Professor","Probationary","Male","2035-07-01","2007-08-01"
20026085,"Shieh,Sean","Earth Sciences",NULL,"Associate Professor","Tenured","Male","2029-07-01","2005-08-01"
20002334,"Shoesmith,David","Chemistry",NULL,"Professor","Tenured","Male","2011-07-01","1998-06-01"
20011098,"Sica,Robert J","Physics and Astronomy",NULL,"Professor","Tenured","Male","2022-07-01","1988-07-01"
10051720,"Sigut,Thomas A","Physics and Astronomy",NULL,"Associate Professor","Tenured","Male","2031-07-01","1999-08-01"
20040480,"Simon, Anne","Biology",NULL,"Assistant Professor","Limited Term","Female","0000-00-00","2013-07-01"
10062016,"Sinclair,Brent J","Biology",NULL,"Associate Professor","Tenured","Male","2040-07-01","2006-08-01"
20060920,"Singh,Mahi R","Physics and Astronomy",NULL,"Professor","Tenured","Male","2014-07-01","1985-09-01"
20007016,"Singh,Shiva M","Biology",NULL,"Professor","Tenured","Male","2008-07-01","1978-07-01"
10107290,"Sinnamon,Gordon J","Mathematics",NULL,"Professor","Tenured","Male","2025-07-01","1989-07-01"
10116143,"Soddu, Andrea","Physics and Astronomy",NULL,"Assistant Professor","Probationary","Male","0000-00-00","2013-01-01"
20008683,"Solis-Oba,Roberto","Computer Science",NULL,"Associate Professor","Tenured","Male","2028-07-01","1999-08-01"
20035209,"Song,Yang","Chemistry",NULL,"Associate Professor","Tenured","Male","2039-07-01","2005-07-01"
10292423,"Southam,Gordon","Earth Sciences",NULL,"Professor","Tenured","Male","2027-07-01","2001-08-01"
NULL,"Stanford,David A","Statistics & Actuarial Science",NULL,"Professor","Tenured","Male","2020-07-01","1988-07-01"
20039956,"Staples,James Francis","Biology",NULL,"Associate Professor","Tenured","Male","2030-07-01","1999-07-01"
20039955,"Staroverov,Viktor N","Chemistry",NULL,"Associate Professor","Tenured","Male","2037-07-01","2006-07-01"
10047611,"Stillman,Martin J","Chemistry",NULL,"Professor","Tenured","Male","2012-07-01","1975-07-01"
20047497,"Taylor,Graeme","Biology",NULL,"Assistant Professor","Limited Term","Male","2025-07-01","2006-07-01"
20012403,"Thompson,Graham","Biology",NULL,"Assistant Professor","Probationary","Male","2035-07-01","2008-01-01"
20012000,"Thorn,Richard G.","Biology",NULL,"Associate Professor","Tenured","Male","2022-07-01","2000-09-01"
10241271,"Tiampo,Kristy","Earth Sciences",NULL,"Professor","Tenured","Female","2027-07-01","2003-09-01"
10091957,"Timoshenko,Alexander","Biology",NULL,"Assistant Professor","Limited Term","Male","2024-07-01","2009-07-01"
20065419,"Trick,Charles G","Biology",NULL,"Professor","Tenured","Male","2019-07-01","1987-07-01"
20043929,"Tsujita,Cameron J","Earth Sciences",NULL,"Assistant Professor","Limited Term","Male","2031-07-01","1998-07-01"
20003885,"Tudose,Bogdan","Applied Mathematics",NULL,"Assistant Professor","Limited Term","Male","2028-07-01","2001-09-01"
10097673,"Usselman,Melvyn C","Chemistry",NULL,"Professor","Tenured","Male","2011-07-01","1975-07-01"
20027819,"Veksler,Olga","Computer Science",NULL,"Associate Professor","Tenured","Female","2038-07-01","2003-12-01"
20011746,"Wahl,Linda M.","Applied Mathematics",NULL,"Professor","Tenured","Female","2033-07-01","2000-08-01"
NULL,"Wang,Liangliang","Statistics & Actuarial Science",NULL,"Assistant Professor","Limited Term","Female","0000-00-00","2012-09-01"
10356715,"Watt,Stephen","Computer Science",NULL,"Professor","Tenured","Male","2025-07-01","1997-07-01"
10376325,"Way,Danielle A","Biology",NULL,"Assistant Professor","Probationary","Female","2041-07-01","2012-07-01"
20030382,"Webb,Elizabeth","Earth Sciences",NULL,"Associate Professor","Tenured","Female","2038-07-01","2005-07-01"
10087492,"Webber,Robert E","Computer Science",NULL,"Associate Professor","Tenured","Male","2021-07-01","1990-07-01"
NULL,"White,Bethany JG","Statistics & Actuarial Science",NULL,"Assistant Professor","Limited Term","Female","2042-07-01","2007-09-01"
10107456,"Wiegert,Paul","Physics and Astronomy",NULL,"Associate Professor","Tenured","Male","2033-07-01","2004-07-01"
20040850,"Wild,Geoff","Applied Mathematics",NULL,"Assistant Professor","Probationary","Male","2041-07-01","2008-07-01"
20020829,"Wisner,James A","Chemistry",NULL,"Associate Professor","Tenured","Male","2035-07-01","2002-07-01"
10000958,"Withers, Tony","Earth Sciences",NULL,"Assistant Professor","Limited Term","Male","0000-00-00","2013-07-01"
20012239,"Wong,Eugene","Physics and Astronomy",NULL,"Associate Professor","Tenured","Male","2031-07-01","2006-07-01"
10281020,"Workentin,Mark Steven","Chemistry",NULL,"Professor","Tenured","Male","2031-07-01","1995-07-01"
20029087,"Wren,Jungsook","Chemistry",NULL,"Professor","Tenured","Female","2019-07-01","2004-03-29"
20016510,"Yeung,Ken","Chemistry",NULL,"Associate Professor","Tenured","Male","2038-07-01","2001-07-01"
NULL,"Yu,Hao","Statistics & Actuarial Science",NULL,"Professor","Tenured","Male","2027-07-01","1994-07-01"
10282663,"Yu,Pei","Applied Mathematics",NULL,"Professor","Tenured","Male","2013-07-01","1995-07-01"
20016848,"Zabulionis,Ray","Biology",NULL,"Lecturer","Limited Term","Male","2018-07-01","2004-05-01"
20045036,"Zanette,Liana","Biology",NULL,"Associate Professor","Tenured","Female","2030-07-01","2001-09-01"
10138030,"Zhang,Kaizhong","Computer Science",NULL,"Professor","Tenured","Male","2021-07-01","1989-08-01"
20066632,"Zinke-Allmang,Martin","Physics and Astronomy",NULL,"Professor","Tenured","Male","2023-07-01","1990-12-01"
NULL,"Zitikis,Ricardas","Statistics & Actuarial Science",NULL,"Associate Professor","Tenured","Male","2028-07-01","2001-07-01"
20027903,"Zou,Xingfu","Applied Mathematics",NULL,"Professor","Tenured","Male","2023-07-01","2004-01-01"
